<?xml version="1.0"?>
<doc>
    <assembly>
        <name>MahApps.Metro.IconPacks.Octicons</name>
    </assembly>
    <members>
        <member name="T:MahApps.Metro.IconPacks.PackIconOcticons">
            <summary>
            Icons from GitHub Octicons - <see><cref>https://octicons.github.com</cref></see>
            </summary>
        </member>
        <member name="T:MahApps.Metro.IconPacks.PackIconOcticonsDataFactory">
            ******************************************
            This code is auto generated. Do not amend.
            ******************************************
        </member>
        <member name="T:MahApps.Metro.IconPacks.PackIconOcticonsKind">
            ******************************************
            This code is auto generated. Do not amend.
            ******************************************
            <summary>
            List of available icons for use with <see cref="T:MahApps.Metro.IconPacks.PackIconOcticons" />.
            </summary>
            <remarks>
            All icons sourced from GitHub Octicons - <see><cref>https://octicons.github.com</cref></see> - 
            <see><cref>https://github.com/primer/octicons/blob/master/LICENSE</cref></see>.
            </remarks>
        </member>
        <member name="M:MahApps.Metro.IconPacks.Octicons.MahApps_Metro_IconPacks_UWP_Octicons_XamlTypeInfo.XamlMetaDataProvider.GetXamlType(System.Type)">
            <summary>
            GetXamlType(Type)
            </summary>
        </member>
        <member name="M:MahApps.Metro.IconPacks.Octicons.MahApps_Metro_IconPacks_UWP_Octicons_XamlTypeInfo.XamlMetaDataProvider.GetXamlType(System.String)">
            <summary>
            GetXamlType(String)
            </summary>
        </member>
        <member name="M:MahApps.Metro.IconPacks.Octicons.MahApps_Metro_IconPacks_UWP_Octicons_XamlTypeInfo.XamlMetaDataProvider.GetXmlnsDefinitions">
            <summary>
            GetXmlnsDefinitions()
            </summary>
        </member>
    </members>
</doc>
