﻿<?xml version="1.0" encoding="utf-8"?>
<Roots >
  <Roots.Interfaces>
    <RootInterface FullName="Windows.UI.Xaml.Data.IValueConverter" />
  </Roots.Interfaces>
  <Roots.RootTypes>
    <RootType FullName="Windows.UI.Xaml.ResourceDictionary" />
    <RootType FullName="MahApps.Metro.IconPacks.Converter.FlipToScaleXValueConverter" />
    <RootType FullName="MahApps.Metro.IconPacks.Converter.FlipToScaleYValueConverter" />
    <RootType FullName="MahApps.Metro.IconPacks.Converter.NullToUnsetValueConverter" />
  </Roots.RootTypes>
</Roots>
